League,Season,Team,Market_Value_M_EUR,Financial_Rank,Adjusted_Market_Value_M_EUR,Financial_Rank_Adjusted,Rank_Change,Confounded_By_Missing_Data
Bundesliga,2015-2016,Bayern Munich,596.05,1,1005.8218022274721,1,0,FALSE
Bundesliga,2015-2016,Borussia Dortmund,352.95,2,595.5956800539993,2,0,FALSE
Bundesliga,2015-2016,Bayer Leverkusen,241.3,4,407.18866014174824,4,0,FALSE
Bundesliga,2015-2016,Borussia Mönchengladbach,186.15,6,314.1241984475194,6,0,FALSE
Bundesliga,2015-2016,Schalke 04,225.2,5,380.0202497468781,5,0,FALSE
Bundesliga,2015-2016,Mainz,85.15,8,143.6888288896389,8,0,FALSE
Bundesliga,2015-2016,Hertha Berlin,78.93,10,133.19271009112387,10,0,FALSE
Bundesliga,2015-2016,VfL Wolfsburg,270.43,3,456.3449206884914,3,0,FALSE
Bundesliga,2015-2016,FC Cologne,68.63,13,115.81167735403307,13,0,FALSE
Bundesliga,2015-2016,Hamburg SV,63.2,15,106.64866689166385,15,0,FALSE
Bundesliga,2015-2016,FC Ingolstadt 04,35.65,17,60.15862301721228,17,0,FALSE
Bundesliga,2015-2016,FC Augsburg,75.83,12,127.96152548093148,12,0,FALSE
Bundesliga,2015-2016,Werder Bremen,64.68,14,109.14613567330409,14,0,FALSE
Bundesliga,2015-2016,SV Darmstadt 98,25.15,18,42.44009449881876,18,0,FALSE
Bundesliga,2015-2016,TSG Hoffenheim,90.2,7,152.2105973675329,7,0,FALSE
Bundesliga,2015-2016,Eintracht Frankfurt,76.6,11,129.260884238947,11,0,FALSE
Bundesliga,2015-2016,VfB Stuttgart,81.18,9,136.98953763077964,9,0,FALSE
Bundesliga,2015-2016,Hannover 96,60.83,16,102.64934188322646,16,0,FALSE
Bundesliga,2016-2017,Bayern Munich,562.55,1,813.5213304410701,1,0,FALSE
Bundesliga,2016-2017,RB Leipzig,176.33,6,254.99638467100507,6,0,FALSE
Bundesliga,2016-2017,Borussia Dortmund,390.65,2,564.9313087490962,2,0,FALSE
Bundesliga,2016-2017,TSG Hoffenheim,138.63,8,200.4772234273319,8,0,FALSE
Bundesliga,2016-2017,FC Cologne,116.15,9,167.96818510484454,9,0,FALSE
Bundesliga,2016-2017,Hertha Berlin,96.53,11,139.59508315256687,11,0,FALSE
Bundesliga,2016-2017,SC Freiburg,86.73,13,125.42299349240781,13,0,FALSE
Bundesliga,2016-2017,Werder Bremen,89.45,12,129.35647143890094,12,0,FALSE
Bundesliga,2016-2017,Borussia Mönchengladbach,162.18,7,234.53362255965294,7,0,FALSE
Bundesliga,2016-2017,Schalke 04,217.25,4,314.1720896601591,4,0,FALSE
Bundesliga,2016-2017,Eintracht Frankfurt,72.3,15,104.55531453362255,15,0,FALSE
Bundesliga,2016-2017,Bayer Leverkusen,265.03,3,383.2682574114244,3,0,FALSE
Bundesliga,2016-2017,FC Augsburg,65.85,16,95.22776572668111,16,0,FALSE
Bundesliga,2016-2017,Hamburg SV,80.48,14,116.38467100506146,14,0,FALSE
Bundesliga,2016-2017,Mainz,96.73,10,139.88430947216196,10,0,FALSE
Bundesliga,2016-2017,VfL Wolfsburg,203.08,5,293.68040491684746,5,0,FALSE
Bundesliga,2016-2017,FC Ingolstadt 04,38.63,17,55.864063629790316,17,0,FALSE
Bundesliga,2016-2017,SV Darmstadt 98,25.98,18,37.5704989154013,18,0,FALSE
Bundesliga,2017-2018,Bayern Munich,811.85,1,854.4890011577729,1,0,FALSE
Bundesliga,2017-2018,Schalke 04,274.35,5,288.7590779917904,5,0,FALSE
Bundesliga,2017-2018,TSG Hoffenheim,212.75,6,223.92379749500054,6,0,FALSE
Bundesliga,2017-2018,Borussia Dortmund,574.2,2,604.3574360593623,2,0,FALSE
Bundesliga,2017-2018,Bayer Leverkusen,357.35,4,376.11830333649095,4,0,FALSE
Bundesliga,2017-2018,RB Leipzig,373.3,3,392.90600989369545,3,0,FALSE
Bundesliga,2017-2018,VfB Stuttgart,134.7,9,141.77455004736342,9,0,FALSE
Bundesliga,2017-2018,Eintracht Frankfurt,126.15,11,132.775497316072,11,0,FALSE
Bundesliga,2017-2018,Borussia Mönchengladbach,193.25,7,203.39964214293232,7,0,FALSE
Bundesliga,2017-2018,Hertha Berlin,131.45,10,138.3538574886854,10,0,FALSE
Bundesliga,2017-2018,Werder Bremen,107.15,12,112.77760235764657,12,0,FALSE
Bundesliga,2017-2018,FC Augsburg,100.45,14,105.7257130828334,14,0,FALSE
Bundesliga,2017-2018,Hannover 96,92.95,16,97.83180717819178,16,0,FALSE
Bundesliga,2017-2018,Mainz,98.35,15,103.51541942953374,15,0,FALSE
Bundesliga,2017-2018,SC Freiburg,100.6,13,105.88359120092622,13,0,FALSE
Bundesliga,2017-2018,VfL Wolfsburg,143.6,8,151.1419850542048,8,0,FALSE
Bundesliga,2017-2018,Hamburg SV,62.4,18,65.67729712661826,18,0,FALSE
Bundesliga,2017-2018,FC Cologne,91.73,17,96.54773181770341,17,0,FALSE
Bundesliga,2018-2019,Bayern Munich,784.88,1,677.6722500431705,1,0,FALSE
Bundesliga,2018-2019,Borussia Dortmund,643.25,2,555.3876705232258,2,0,FALSE
Bundesliga,2018-2019,RB Leipzig,479,3,413.5727853565879,3,0,FALSE
Bundesliga,2018-2019,Bayer Leverkusen,429.4,4,370.74771196684515,4,0,FALSE
Bundesliga,2018-2019,Borussia Mönchengladbach,264.3,7,228.1989293731653,7,0,FALSE
Bundesliga,2018-2019,VfL Wolfsburg,229.25,8,197.93645311690557,8,0,FALSE
Bundesliga,2018-2019,Eintracht Frankfurt,313.4,6,270.59229839405975,6,0,FALSE
Bundesliga,2018-2019,Werder Bremen,168.05,11,145.09583836988432,11,0,FALSE
Bundesliga,2018-2019,TSG Hoffenheim,336.25,5,290.3211880504231,5,0,FALSE
Bundesliga,2018-2019,Fortuna Düsseldorf,94.95,16,81.9806596442756,16,0,FALSE
Bundesliga,2018-2019,Hertha Berlin,207.63,10,179.26955620790883,10,0,FALSE
Bundesliga,2018-2019,Mainz,159.73,12,137.91227767225004,12,0,FALSE
Bundesliga,2018-2019,SC Freiburg,122.1,15,105.42220687273355,15,0,FALSE
Bundesliga,2018-2019,Schalke 04,221.3,9,191.072353652219,9,0,FALSE
Bundesliga,2018-2019,FC Augsburg,139.25,14,120.22966672422726,14,0,FALSE
Bundesliga,2018-2019,VfB Stuttgart,143.75,13,124.11500604386117,13,0,FALSE
Bundesliga,2018-2019,Hannover 96,91.43,17,78.9414608875842,17,0,FALSE
Bundesliga,2018-2019,1. FC Nürnberg,54.4,18,46.96943533068555,18,0,FALSE
Bundesliga,2019-2020,Bayern Munich,777.33,1,777.33,1,0,FALSE
Bundesliga,2019-2020,Borussia Dortmund,654.05,2,654.05,2,0,FALSE
Bundesliga,2019-2020,RB Leipzig,570.48,3,570.48,3,0,FALSE
Bundesliga,2019-2020,Borussia Mönchengladbach,254.7,5,254.7,5,0,FALSE
Bundesliga,2019-2020,Bayer Leverkusen,398.95,4,398.95,4,0,FALSE
Bundesliga,2019-2020,TSG Hoffenheim,226.05,6,226.05,6,0,FALSE
Bundesliga,2019-2020,VfL Wolfsburg,207.6,10,207.6,10,0,FALSE
Bundesliga,2019-2020,SC Freiburg,122.65,12,122.65,12,0,FALSE
Bundesliga,2019-2020,Eintracht Frankfurt,208.98,9,208.98,9,0,FALSE
Bundesliga,2019-2020,Hertha Berlin,217.2,8,217.2,8,0,FALSE
Bundesliga,2019-2020,1. FC Union Berlin,41.2,17,41.2,17,0,FALSE
Bundesliga,2019-2020,Schalke 04,221.58,7,221.58,7,0,FALSE
Bundesliga,2019-2020,Mainz,121.58,13,121.58,13,0,FALSE
Bundesliga,2019-2020,FC Cologne,98.48,15,98.48,15,0,FALSE
Bundesliga,2019-2020,FC Augsburg,112.95,14,112.95,14,0,FALSE
Bundesliga,2019-2020,Werder Bremen,135.13,11,135.13,11,0,FALSE
Bundesliga,2019-2020,Fortuna Düsseldorf,71.78,16,71.78,16,0,FALSE
Bundesliga,2019-2020,SC Paderborn 07,28.9,18,28.9,18,0,FALSE
Bundesliga,2020-2021,Bayern Munich,858.23,1,797.3892037536003,1,0,FALSE
Bundesliga,2020-2021,RB Leipzig,574.95,3,534.1912106290068,3,0,FALSE
Bundesliga,2020-2021,Borussia Dortmund,628.4,2,583.8520858496702,2,0,FALSE
Bundesliga,2020-2021,VfL Wolfsburg,256.83,7,238.62306048499488,7,0,FALSE
Bundesliga,2020-2021,Eintracht Frankfurt,269.15,6,250.06968317383627,6,0,FALSE
Bundesliga,2020-2021,Bayer Leverkusen,373.25,4,346.7899284586082,4,0,FALSE
Bundesliga,2020-2021,1. FC Union Berlin,82.05,17,76.23339217690234,17,0,FALSE
Bundesliga,2020-2021,Borussia Mönchengladbach,300.75,5,279.42952708352686,5,0,FALSE
Bundesliga,2020-2021,VfB Stuttgart,189.25,10,175.83387531357428,10,0,FALSE
Bundesliga,2020-2021,SC Freiburg,139.1,12,129.2390597417077,12,0,FALSE
Bundesliga,2020-2021,TSG Hoffenheim,228.15,9,211.9762148099972,9,0,FALSE
Bundesliga,2020-2021,Mainz,163.3,11,151.7234971662176,11,0,FALSE
Bundesliga,2020-2021,FC Augsburg,93.05,16,86.45359100622503,16,0,FALSE
Bundesliga,2020-2021,Hertha Berlin,228.88,8,212.65446436867043,8,0,FALSE
Bundesliga,2020-2021,Arminia Bielefeld,56.73,18,52.70835268977051,18,0,FALSE
Bundesliga,2020-2021,FC Cologne,118.2,14,109.82068196599461,14,0,FALSE
Bundesliga,2020-2021,Werder Bremen,111.98,15,104.04162408250488,15,0,FALSE
Bundesliga,2020-2021,Schalke 04,123.05,13,114.32686054074142,13,0,FALSE
Bundesliga,2021-2022,Bayern Munich,790.33,1,739.5246561242632,1,0,FALSE
Bundesliga,2021-2022,Borussia Dortmund,558.98,2,523.046692242912,2,0,FALSE
Bundesliga,2021-2022,Bayer Leverkusen,455.05,4,425.7976981379246,4,0,FALSE
Bundesliga,2021-2022,RB Leipzig,498.95,3,466.87564330494996,3,0,FALSE
Bundesliga,2021-2022,1. FC Union Berlin,115.9,13,108.44951810611023,13,0,FALSE
Bundesliga,2021-2022,SC Freiburg,176.35,9,165.0135678862169,9,0,FALSE
Bundesliga,2021-2022,FC Cologne,99.28,14,92.89791335267147,14,0,FALSE
Bundesliga,2021-2022,Mainz,131.03,12,122.60690558622626,12,0,FALSE
Bundesliga,2021-2022,TSG Hoffenheim,211.43,8,197.83849536820438,8,0,FALSE
Bundesliga,2021-2022,Borussia Mönchengladbach,236.8,6,221.5776176663236,6,0,FALSE
Bundesliga,2021-2022,Eintracht Frankfurt,228.75,7,214.04510152521755,7,0,FALSE
Bundesliga,2021-2022,VfL Wolfsburg,269.3,5,251.98839711799383,5,0,FALSE
Bundesliga,2021-2022,VfL Bochum,52.25,17,48.89117619537756,17,0,FALSE
Bundesliga,2021-2022,FC Augsburg,95.3,15,89.17376251520538,15,0,FALSE
Bundesliga,2021-2022,VfB Stuttgart,174.23,10,163.02984934967716,10,0,FALSE
Bundesliga,2021-2022,Hertha Berlin,155.78,11,145.76588378403667,11,0,FALSE
Bundesliga,2021-2022,Arminia Bielefeld,65.85,16,61.61691775053803,16,0,FALSE
Bundesliga,2021-2022,SpVgg Greuther Fürth,36.95,18,34.57471694582203,18,0,FALSE
Bundesliga,2022-2023,Bayern Munich,948.95,1,822.7414600312121,1,0,FALSE
Bundesliga,2022-2023,Borussia Dortmund,567.55,2,492.06693254725155,2,0,FALSE
Bundesliga,2022-2023,RB Leipzig,486.4,3,421.70972776140104,3,0,FALSE
Bundesliga,2022-2023,1. FC Union Berlin,157.95,10,136.9429512744928,10,0,FALSE
Bundesliga,2022-2023,SC Freiburg,200.95,8,174.22403329287323,8,0,FALSE
Bundesliga,2022-2023,Bayer Leverkusen,452.5,4,392.3183631003988,4,0,FALSE
Bundesliga,2022-2023,Eintracht Frankfurt,324.55,5,281.3854690480319,5,0,FALSE
Bundesliga,2022-2023,VfL Wolfsburg,238.3,7,206.60655453441998,7,0,FALSE
Bundesliga,2022-2023,Mainz,135.9,12,117.82555921623029,12,0,FALSE
Bundesliga,2022-2023,Borussia Mönchengladbach,241.68,6,209.53702098144618,6,0,FALSE
Bundesliga,2022-2023,FC Cologne,115.65,14,100.26877059129531,14,0,FALSE
Bundesliga,2022-2023,TSG Hoffenheim,178.8,9,155.01994104387032,9,0,FALSE
Bundesliga,2022-2023,Werder Bremen,89.5,16,77.59667071267558,16,0,FALSE
Bundesliga,2022-2023,VfL Bochum,53.7,18,46.558002427605345,18,0,FALSE
Bundesliga,2022-2023,FC Augsburg,132.23,13,114.64366221605687,13,0,FALSE
Bundesliga,2022-2023,VfB Stuttgart,151.05,11,130.96063811340386,11,0,FALSE
Bundesliga,2022-2023,Schalke 04,87.78,17,76.10542743194036,17,0,FALSE
Bundesliga,2022-2023,Hertha Berlin,94,15,81.49817929599445,15,0,FALSE
Bundesliga,2023-2024,Bayer Leverkusen,658.35,2,527.6508776148113,2,0,FALSE
Bundesliga,2023-2024,VfB Stuttgart,346.63,5,277.81517993107315,5,0,FALSE
Bundesliga,2023-2024,Bayern Munich,965.15,1,773.5433197082632,1,0,FALSE
Bundesliga,2023-2024,RB Leipzig,545.4,3,437.1243087280596,3,0,FALSE
Bundesliga,2023-2024,Borussia Dortmund,494.8,4,396.56968822633644,4,0,FALSE
Bundesliga,2023-2024,Eintracht Frankfurt,326.65,6,261.8017151558868,6,0,FALSE
Bundesliga,2023-2024,TSG Hoffenheim,176,9,141.05954957121102,9,0,FALSE
Bundesliga,2023-2024,1. FC Heidenheim 1846,66.45,16,53.25799471026689,16,0,FALSE
Bundesliga,2023-2024,Werder Bremen,134.93,14,108.14298308888355,14,0,FALSE
Bundesliga,2023-2024,SC Freiburg,180.35,8,144.54596457481765,8,0,FALSE
Bundesliga,2023-2024,FC Augsburg,140.8,13,112.84763965696882,13,0,FALSE
Bundesliga,2023-2024,VfL Wolfsburg,206.45,7,165.46445459645747,7,0,FALSE
Bundesliga,2023-2024,Mainz,142.88,12,114.51470706099222,12,0,FALSE
Bundesliga,2023-2024,Borussia Mönchengladbach,165.23,10,132.42766690710906,10,0,FALSE
Bundesliga,2023-2024,1. FC Union Berlin,160.95,11,128.99735513344552,11,0,FALSE
Bundesliga,2023-2024,VfL Bochum,64.53,17,51.719163260399135,17,0,FALSE
Bundesliga,2023-2024,FC Cologne,81.45,15,65.28011541235874,15,0,FALSE
Bundesliga,2023-2024,SV Darmstadt 98,38.7,18,31.017071411396973,18,0,FALSE
Bundesliga,2024-2025,Bayern Munich,953.55,1,733.725761772853,1,0,FALSE
Bundesliga,2024-2025,Bayer Leverkusen,623.35,2,479.6475838719606,2,0,FALSE
Bundesliga,2024-2025,Eintracht Frankfurt,431.25,5,331.8328716528162,5,0,FALSE
Bundesliga,2024-2025,Borussia Dortmund,508.28,4,391.1049553708833,4,0,FALSE
Bundesliga,2024-2025,SC Freiburg,186.2,10,143.27485380116957,10,0,FALSE
Bundesliga,2024-2025,Mainz,175.13,11,134.75684826100337,11,0,FALSE
Bundesliga,2024-2025,RB Leipzig,513.7,3,395.27546937519236,3,0,FALSE
Bundesliga,2024-2025,Werder Bremen,132,14,101.5697137580794,14,0,FALSE
Bundesliga,2024-2025,VfB Stuttgart,365.23,6,281.03262542320715,6,0,FALSE
Bundesliga,2024-2025,Borussia Mönchengladbach,187.5,8,144.27516158818096,8,0,FALSE
Bundesliga,2024-2025,VfL Wolfsburg,296.3,7,227.99322868574944,7,0,FALSE
Bundesliga,2024-2025,FC Augsburg,158.88,12,122.25300092336103,12,0,FALSE
Bundesliga,2024-2025,1. FC Union Berlin,136.05,13,104.68605724838412,13,0,FALSE
Bundesliga,2024-2025,St. Pauli,65.78,16,50.61557402277624,16,0,FALSE
Bundesliga,2024-2025,TSG Hoffenheim,187.1,9,143.96737457679285,9,0,FALSE
Bundesliga,2024-2025,1. FC Heidenheim 1846,72.53,15,55.809479839950754,15,0,FALSE
Bundesliga,2024-2025,Holstein Kiel,47.13,18,36.26500461680517,18,0,FALSE
Bundesliga,2024-2025,VfL Bochum,57.1,17,43.93659587565404,17,0,FALSE
La Liga,2015-2016,Barcelona,726,1,1225.1096861289234,1,0,FALSE
La Liga,2015-2016,Real Madrid,714.3,2,1205.3661829227133,2,0,FALSE
La Liga,2015-2016,Atlético Madrid,418.5,3,706.2099223759703,3,0,FALSE
La Liga,2015-2016,Villarreal,140.6,7,237.2595342558218,7,0,FALSE
La Liga,2015-2016,Athletic Club,148,6,249.74687816402295,6,0,FALSE
La Liga,2015-2016,Celta Vigo,91.1,9,153.7293283833952,9,0,FALSE
La Liga,2015-2016,Sevilla,230.3,5,388.62639217009786,5,0,FALSE
La Liga,2015-2016,Málaga,77.95,10,131.53898076274047,10,0,FALSE
La Liga,2015-2016,Real Sociedad,119.4,8,201.48498143773205,8,0,FALSE
La Liga,2015-2016,Real Betis,56.4,15,95.1738103273709,15,0,FALSE
La Liga,2015-2016,Las Palmas,32.2,20,54.33682078974013,20,0,FALSE
La Liga,2015-2016,Valencia,254,4,428.6196422544718,4,0,FALSE
La Liga,2015-2016,Espanyol,62.2,12,104.96118798515019,12,0,FALSE
La Liga,2015-2016,Eibar,56.6,14,95.51130610867364,14,0,FALSE
La Liga,2015-2016,Deportivo La Coruña,61.75,13,104.20182247721903,13,0,FALSE
La Liga,2015-2016,Granada,71.5,11,120.6547418157273,11,0,FALSE
La Liga,2015-2016,Sporting Gijón,53.2,16,89.77387782652717,16,0,FALSE
La Liga,2015-2016,Rayo Vallecano,49.6,18,83.69895376307797,18,0,FALSE
La Liga,2015-2016,Getafe,49.1,19,82.85521430982112,19,0,FALSE
La Liga,2015-2016,Levante,53.1,17,89.60512993587581,17,0,FALSE
La Liga,2016-2017,Real Madrid,802.9,1,1161.0990600144612,1,0,FALSE
La Liga,2016-2017,Barcelona,765.3,2,1106.7245119305855,2,0,FALSE
La Liga,2016-2017,Atlético Madrid,515.8,3,745.9146782357194,3,0,FALSE
La Liga,2016-2017,Sevilla,270.1,4,390.60014461315984,4,0,FALSE
La Liga,2016-2017,Villarreal,190.7,6,275.7772957339118,6,0,FALSE
La Liga,2016-2017,Real Sociedad,156.45,8,226.24728850325377,8,0,FALSE
La Liga,2016-2017,Athletic Club,172.6,7,249.60231381055675,7,0,FALSE
La Liga,2016-2017,Espanyol,80.8,15,116.84743311641358,15,0,FALSE
La Liga,2016-2017,Alavés,85.4,11,123.49963846710051,11,0,FALSE
La Liga,2016-2017,Eibar,67.95,16,98.2646420824295,16,0,FALSE
La Liga,2016-2017,Málaga,84.3,12,121.90889370932754,12,0,FALSE
La Liga,2016-2017,Valencia,257.5,5,372.3788864786696,5,0,FALSE
La Liga,2016-2017,Celta Vigo,122.4,9,177.0065075921909,9,0,FALSE
La Liga,2016-2017,Las Palmas,84.3,12,121.90889370932754,12,0,FALSE
La Liga,2016-2017,Real Betis,84.2,14,121.76428054953001,14,0,FALSE
La Liga,2016-2017,Deportivo La Coruña,94,10,135.93637020968907,10,0,FALSE
La Liga,2016-2017,Leganés,53.15,18,76.86189443239334,18,0,FALSE
La Liga,2016-2017,Sporting Gijón,46.75,19,67.60665220535068,19,0,FALSE
La Liga,2016-2017,Osasuna,42.9,20,62.039045553145336,20,0,FALSE
La Liga,2016-2017,Granada,66.45,17,96.09544468546638,17,0,FALSE
La Liga,2017-2018,Barcelona,1090,1,1147.2476581412484,1,0,FALSE
La Liga,2017-2018,Atlético Madrid,711.15,3,748.5001578781181,3,0,FALSE
La Liga,2017-2018,Real Madrid,955.35,2,1005.5257341332492,2,0,FALSE
La Liga,2017-2018,Valencia,398.05,4,418.95589937901275,4,0,FALSE
La Liga,2017-2018,Villarreal,220,8,231.55457320282076,8,0,FALSE
La Liga,2017-2018,Real Betis,132.25,10,139.19587411851384,10,0,FALSE
La Liga,2017-2018,Sevilla,253.2,5,266.498263340701,5,0,FALSE
La Liga,2017-2018,Getafe,65.6,16,69.045363645932,16,0,FALSE
La Liga,2017-2018,Eibar,60.05,18,63.20387327649721,18,0,FALSE
La Liga,2017-2018,Girona,81.75,13,86.04357436059362,13,0,FALSE
La Liga,2017-2018,Espanyol,97.8,11,102.93653299652668,11,0,FALSE
La Liga,2017-2018,Real Sociedad,232.95,7,245.18471739816863,7,0,FALSE
La Liga,2017-2018,Celta Vigo,173.05,9,182.13872223976426,9,0,FALSE
La Liga,2017-2018,Alavés,74.8,14,78.72855488895905,14,0,FALSE
La Liga,2017-2018,Levante,61.85,17,65.0984106936112,17,0,FALSE
La Liga,2017-2018,Athletic Club,249.4,6,262.4986843490159,6,0,FALSE
La Liga,2017-2018,Leganés,58.55,19,61.62509209556889,19,0,FALSE
La Liga,2017-2018,Deportivo La Coruña,66.45,15,69.94000631512473,15,0,FALSE
La Liga,2017-2018,Las Palmas,91.25,12,96.04252183980634,12,0,FALSE
La Liga,2017-2018,Málaga,55.2,20,58.09914745816231,20,0,FALSE
La Liga,2018-2019,Barcelona,1160,1,1001.5541357278537,1,0,FALSE
La Liga,2018-2019,Atlético Madrid,969.7,2,837.2474529442239,2,0,FALSE
La Liga,2018-2019,Real Madrid,896.1,3,773.700569849767,3,0,FALSE
La Liga,2018-2019,Valencia,499.65,4,431.402175790019,4,0,FALSE
La Liga,2018-2019,Getafe,132.2,12,114.14263512346746,12,0,FALSE
La Liga,2018-2019,Sevilla,306.3,5,264.46209635641515,5,0,FALSE
La Liga,2018-2019,Espanyol,174.7,11,150.83750647556553,11,0,FALSE
La Liga,2018-2019,Athletic Club,234.25,8,202.2534968053877,8,0,FALSE
La Liga,2018-2019,Real Sociedad,300.95,6,259.84285960973926,6,0,FALSE
La Liga,2018-2019,Real Betis,290.75,7,251.03609048523575,7,0,FALSE
La Liga,2018-2019,Alavés,110.8,14,95.66568813676395,14,0,FALSE
La Liga,2018-2019,Eibar,93.9,17,81.07408046969437,17,0,FALSE
La Liga,2018-2019,Leganés,112.45,13,97.09031255396306,13,0,FALSE
La Liga,2018-2019,Villarreal,230.65,10,199.14522534968057,10,0,FALSE
La Liga,2018-2019,Levante,107.85,15,93.11863236055949,15,0,FALSE
La Liga,2018-2019,Real Valladolid,83,19,71.66292522880332,19,0,FALSE
La Liga,2018-2019,Celta Vigo,234.1,9,202.12398549473323,9,0,FALSE
La Liga,2018-2019,Girona,97.25,16,83.96649974097738,16,0,FALSE
La Liga,2018-2019,Huesca,61.4,20,53.01329649456053,20,0,FALSE
La Liga,2018-2019,Rayo Vallecano,86.7,18,74.8575375582801,18,0,FALSE
La Liga,2019-2020,Real Madrid,913.75,2,913.75,2,0,FALSE
La Liga,2019-2020,Barcelona,930.28,1,930.28,1,0,FALSE
La Liga,2019-2020,Atlético Madrid,720.15,3,720.15,3,0,FALSE
La Liga,2019-2020,Sevilla,294.75,6,294.75,6,0,FALSE
La Liga,2019-2020,Villarreal,208.68,9,208.68,9,0,FALSE
La Liga,2019-2020,Real Sociedad,347.55,5,347.55,5,0,FALSE
La Liga,2019-2020,Granada,56.58,19,56.58,19,0,FALSE
La Liga,2019-2020,Getafe,175.45,10,175.45,10,0,FALSE
La Liga,2019-2020,Valencia,427.8,4,427.8,4,0,FALSE
La Liga,2019-2020,Osasuna,62.78,18,62.78,18,0,FALSE
La Liga,2019-2020,Athletic Club,211.75,8,211.75,8,0,FALSE
La Liga,2019-2020,Levante,90.5,15,90.5,15,0,FALSE
La Liga,2019-2020,Real Valladolid,87.78,16,87.78,16,0,FALSE
La Liga,2019-2020,Eibar,53.75,20,53.75,20,0,FALSE
La Liga,2019-2020,Real Betis,244.35,7,244.35,7,0,FALSE
La Liga,2019-2020,Alavés,106.75,14,106.75,14,0,FALSE
La Liga,2019-2020,Celta Vigo,167,11,167,11,0,FALSE
La Liga,2019-2020,Leganés,109.7,13,109.7,13,0,FALSE
La Liga,2019-2020,Mallorca,64.68,17,64.68,17,0,FALSE
La Liga,2019-2020,Espanyol,156.05,12,156.05,12,0,FALSE
La Liga,2020-2021,Atlético Madrid,773.1,3,718.2941559044876,3,0,FALSE
La Liga,2020-2021,Real Madrid,787.3,2,731.4875034841587,2,0,FALSE
La Liga,2020-2021,Barcelona,813.5,1,755.8301588776363,1,0,FALSE
La Liga,2020-2021,Sevilla,418.25,4,388.59983276038275,4,0,FALSE
La Liga,2020-2021,Real Sociedad,406.6,5,377.7757130911456,5,0,FALSE
La Liga,2020-2021,Real Betis,207.7,8,192.97593607730184,8,0,FALSE
La Liga,2020-2021,Villarreal,292.6,6,271.85728885998327,6,0,FALSE
La Liga,2020-2021,Celta Vigo,155.85,11,144.80163523181267,11,0,FALSE
La Liga,2020-2021,Granada,122.65,12,113.95521694694789,12,0,FALSE
La Liga,2020-2021,Athletic Club,204.15,9,189.67759918238409,9,0,FALSE
La Liga,2020-2021,Osasuna,96.75,14,89.89129424881538,14,0,FALSE
La Liga,2020-2021,Cádiz,47.65,19,44.272043110656874,19,0,FALSE
La Liga,2020-2021,Valencia,278.85,7,259.0820403233299,7,0,FALSE
La Liga,2020-2021,Levante,113,13,104.98931524667843,13,0,FALSE
La Liga,2020-2021,Getafe,170.1,10,158.04143826070796,10,0,FALSE
La Liga,2020-2021,Alavés,79.8,16,74.14289696181362,16,0,FALSE
La Liga,2020-2021,Elche,45.65,20,42.41382514168912,20,0,FALSE
La Liga,2020-2021,Huesca,64.1,17,59.5558859054167,17,0,FALSE
La Liga,2020-2021,Real Valladolid,63.35,18,58.85905416705379,18,0,FALSE
La Liga,2020-2021,Eibar,83.4,15,77.4876893059556,15,0,FALSE
La Liga,2021-2022,Real Madrid,770.75,1,721.2033311499953,1,0,FALSE
La Liga,2021-2022,Barcelona,735.6,2,688.3129035276504,2,0,FALSE
La Liga,2021-2022,Atlético Madrid,661.8,3,619.2570412650884,3,0,FALSE
La Liga,2021-2022,Sevilla,385,5,360.2507719659399,5,0,FALSE
La Liga,2021-2022,Real Betis,259,8,242.3505193225414,8,0,FALSE
La Liga,2021-2022,Real Sociedad,376.95,6,352.71825582483393,6,0,FALSE
La Liga,2021-2022,Villarreal,408.9,4,382.6143913165528,4,0,FALSE
La Liga,2021-2022,Athletic Club,226.05,9,211.51866754000187,9,0,FALSE
La Liga,2021-2022,Valencia,310.6,7,290.6334799288856,7,0,FALSE
La Liga,2021-2022,Osasuna,108.45,13,101.47843173949659,13,0,FALSE
La Liga,2021-2022,Celta Vigo,120,12,112.28595489847478,12,0,FALSE
La Liga,2021-2022,Rayo Vallecano,67.2,19,62.88013474314588,19,0,FALSE
La Liga,2021-2022,Elche,72.98,17,68.28857490408909,17,0,FALSE
La Liga,2021-2022,Espanyol,131.6,11,123.14026387199401,11,0,FALSE
La Liga,2021-2022,Getafe,208.68,10,195.26527556844766,10,0,FALSE
La Liga,2021-2022,Mallorca,74.15,16,69.38336296434922,16,0,FALSE
La Liga,2021-2022,Cádiz,67.8,18,63.44156451763825,18,0,FALSE
La Liga,2021-2022,Granada,103.75,14,97.08056517263965,14,0,FALSE
La Liga,2021-2022,Levante,77.9,15,72.89229905492655,15,0,FALSE
La Liga,2021-2022,Alavés,65.35,20,61.14905960512772,20,0,FALSE
La Liga,2022-2023,Barcelona,836.8,2,725.5071961158314,2,0,FALSE
La Liga,2022-2023,Real Madrid,923.45,1,800.6329113924052,1,0,FALSE
La Liga,2022-2023,Atlético Madrid,534.3,3,463.23911912606206,3,0,FALSE
La Liga,2022-2023,Real Sociedad,441.7,4,382.9547425004335,4,0,FALSE
La Liga,2022-2023,Villarreal,363.5,5,315.15519334142533,5,0,FALSE
La Liga,2022-2023,Real Betis,246.4,7,213.62926998439397,7,0,FALSE
La Liga,2022-2023,Osasuna,150.05,10,130.09363620599967,10,0,FALSE
La Liga,2022-2023,Athletic Club,222.45,9,192.86457430206346,9,0,FALSE
La Liga,2022-2023,Mallorca,107,16,92.769204092249,16,0,FALSE
La Liga,2022-2023,Girona,139.9,11,121.29356684584707,11,0,FALSE
La Liga,2022-2023,Rayo Vallecano,103.4,17,89.6479972255939,17,0,FALSE
La Liga,2022-2023,Sevilla,232.58,8,201.64730362406797,8,0,FALSE
La Liga,2022-2023,Celta Vigo,138.8,12,120.33986474770246,12,0,FALSE
La Liga,2022-2023,Cádiz,65.6,20,56.87532512571527,20,0,FALSE
La Liga,2022-2023,Getafe,118.9,13,103.08652679035895,13,0,FALSE
La Liga,2022-2023,Valencia,249.78,6,216.55973643142016,6,0,FALSE
La Liga,2022-2023,Almería,114.2,15,99.01161782555923,15,0,FALSE
La Liga,2022-2023,Real Valladolid,90.75,18,78.68042309693081,18,0,FALSE
La Liga,2022-2023,Espanyol,116.5,14,101.00572221258886,14,0,FALSE
La Liga,2022-2023,Elche,67.5,19,58.52262874978325,19,0,FALSE
La Liga,2023-2024,Real Madrid,1140,1,913.6811733589805,1,0,FALSE
La Liga,2023-2024,Barcelona,916.2,2,734.3111324837702,2,0,FALSE
La Liga,2023-2024,Girona,297.9,5,238.7593171435441,5,0,FALSE
La Liga,2023-2024,Atlético Madrid,458.45,4,367.4360823916005,4,0,FALSE
La Liga,2023-2024,Athletic Club,295.65,6,236.95599903823032,6,0,FALSE
La Liga,2023-2024,Real Sociedad,498.5,3,399.5351446661858,3,0,FALSE
La Liga,2023-2024,Real Betis,224.88,10,180.235633565761,10,0,FALSE
La Liga,2023-2024,Villarreal,252.5,7,202.37236515187945,7,0,FALSE
La Liga,2023-2024,Valencia,244.73,8,196.14490662819586,8,0,FALSE
La Liga,2023-2024,Alavés,123.7,14,99.14242205658411,14,0,FALSE
La Liga,2023-2024,Osasuna,105.35,16,84.43536106435842,16,0,FALSE
La Liga,2023-2024,Getafe,133,13,106.59613689188106,13,0,FALSE
La Liga,2023-2024,Celta Vigo,149.3,11,119.66017472148755,11,0,FALSE
La Liga,2023-2024,Sevilla,228.75,9,183.3373407069007,9,0,FALSE
La Liga,2023-2024,Mallorca,87.7,18,70.28933237156367,18,0,FALSE
La Liga,2023-2024,Las Palmas,112.4,15,90.08575779434159,15,0,FALSE
La Liga,2023-2024,Rayo Vallecano,63.95,19,51.254307926584914,19,0,FALSE
La Liga,2023-2024,Cádiz,60.7,20,48.64951510779835,20,0,FALSE
La Liga,2023-2024,Almería,99.4,17,79.66658651919532,17,0,FALSE
La Liga,2023-2024,Granada,141.1,12,113.08808207101065,12,0,FALSE
La Liga,2024-2025,Barcelona,1080,2,831.0249307479223,2,0,FALSE
La Liga,2024-2025,Real Madrid,1350,1,1038.781163434903,1,0,FALSE
La Liga,2024-2025,Atlético Madrid,542.5,3,417.43613419513696,3,0,FALSE
La Liga,2024-2025,Athletic Club,375.35,4,288.8196368113266,4,0,FALSE
La Liga,2024-2025,Villarreal,264.25,7,203.33179439827637,7,0,FALSE
La Liga,2024-2025,Real Betis,291.7,6,224.45367805478605,6,0,FALSE
La Liga,2024-2025,Celta Vigo,130.9,11,100.72329947676208,11,0,FALSE
La Liga,2024-2025,Rayo Vallecano,68,19,52.323791935980296,19,0,FALSE
La Liga,2024-2025,Osasuna,113.28,14,87.16528162511541,14,0,FALSE
La Liga,2024-2025,Mallorca,84.88,17,65.31240381655893,17,0,FALSE
La Liga,2024-2025,Real Sociedad,345.05,5,265.5047706986765,5,0,FALSE
La Liga,2024-2025,Valencia,215.55,8,165.85872576177286,8,0,FALSE
La Liga,2024-2025,Getafe,87.7,16,67.48230224684518,16,0,FALSE
La Liga,2024-2025,Espanyol,116.98,13,90.01231148045552,13,0,FALSE
La Liga,2024-2025,Alavés,92.35,15,71.06032625423207,15,0,FALSE
La Liga,2024-2025,Girona,153.1,10,117.8054786088027,10,0,FALSE
La Liga,2024-2025,Sevilla,183.9,9,141.5050784856879,9,0,FALSE
La Liga,2024-2025,Leganés,47.98,20,36.91905201600492,20,0,FALSE
La Liga,2024-2025,Las Palmas,117.3,12,90.25854108956601,12,0,FALSE
La Liga,2024-2025,Real Valladolid,81.45,18,62.67313019390581,18,0,FALSE
Ligue 1,2015-2016,Paris Saint-Germain,436.3,1,736.2470469119136,1,0,FALSE
Ligue 1,2015-2016,Lyon,166.3,3,280.6277421532231,3,0,FALSE
Ligue 1,2015-2016,AS Monaco,227.4,2,383.7327033412082,2,0,FALSE
Ligue 1,2015-2016,Nice,70.95,8,119.72662841714478,8,0,FALSE
Ligue 1,2015-2016,Lille,70.8,9,119.47350658116773,9,0,FALSE
Ligue 1,2015-2016,Saint-Étienne,97.2,5,164.02294971312858,5,0,FALSE
Ligue 1,2015-2016,Caen,36.8,15,62.099223759702994,15,0,FALSE
Ligue 1,2015-2016,Stade Rennais,94.15,6,158.8761390482619,6,0,FALSE
Ligue 1,2015-2016,Angers,32.35,17,54.58994262571718,17,0,FALSE
Ligue 1,2015-2016,Bastia,24.25,19,40.921363482956465,19,0,FALSE
Ligue 1,2015-2016,Bordeaux,90.7,7,153.05433682078973,7,0,FALSE
Ligue 1,2015-2016,Montpellier,44.4,11,74.92406344920688,11,0,FALSE
Ligue 1,2015-2016,Marseille,129.5,4,218.52851839352007,4,0,FALSE
Ligue 1,2015-2016,Nantes,39.3,14,66.31792102598718,14,0,FALSE
Ligue 1,2015-2016,Lorient,58.05,10,97.95815052311845,10,0,FALSE
Ligue 1,2015-2016,Guingamp,33.5,16,56.530543368207894,16,0,FALSE
Ligue 1,2015-2016,Toulouse,42.9,13,72.39284508943638,13,0,FALSE
Ligue 1,2015-2016,Stade de Reims,42.95,12,72.47721903476207,12,0,FALSE
Ligue 1,2015-2016,GFC Ajaccio,18.4,20,31.049611879851497,20,0,FALSE
Ligue 1,2015-2016,Troyes,30.7,18,51.805602429969625,18,0,FALSE
Ligue 1,2016-2017,AS Monaco,309.55,2,447.65003615329,2,0,FALSE
Ligue 1,2016-2017,Paris Saint-Germain,519,1,750.5422993492408,1,0,FALSE
Ligue 1,2016-2017,Nice,132.8,4,192.04627621113522,4,0,FALSE
Ligue 1,2016-2017,Lyon,211.35,3,305.6399132321041,3,0,FALSE
Ligue 1,2016-2017,Marseille,119.65,5,173.0296456977585,5,0,FALSE
Ligue 1,2016-2017,Bordeaux,88.9,6,128.56109906001447,6,0,FALSE
Ligue 1,2016-2017,Nantes,50.9,13,73.60809833694866,13,0,FALSE
Ligue 1,2016-2017,Saint-Étienne,85.03,7,122.9645697758496,7,0,FALSE
Ligue 1,2016-2017,Stade Rennais,80.9,9,116.99204627621114,9,0,FALSE
Ligue 1,2016-2017,Guingamp,42.5,15,61.46059291395517,15,0,FALSE
Ligue 1,2016-2017,Lille,83.9,8,121.3304410701374,8,0,FALSE
Ligue 1,2016-2017,Angers,46.08,14,66.63774403470715,14,0,FALSE
Ligue 1,2016-2017,Toulouse,77.3,10,111.78597252349964,10,0,FALSE
Ligue 1,2016-2017,Metz,37.55,16,54.30224150397686,16,0,FALSE
Ligue 1,2016-2017,Montpellier,60.95,12,88.1417208966016,12,0,FALSE
Ligue 1,2016-2017,Dijon FCO,31.2,20,45.11930585683297,20,0,FALSE
Ligue 1,2016-2017,Caen,36.65,17,53.00072306579899,17,0,FALSE
Ligue 1,2016-2017,Lorient,61.1,11,88.3586406362979,11,0,FALSE
Ligue 1,2016-2017,AS Nancy Lorraine,33.1,19,47.86695589298626,19,0,FALSE
Ligue 1,2016-2017,Bastia,36.45,18,52.711496746203906,18,0,FALSE
Ligue 1,2017-2018,Paris Saint-Germain,900.1,1,947.3739606357226,1,0,FALSE
Ligue 1,2017-2018,AS Monaco,529.8,2,557.6255131038838,2,0,FALSE
Ligue 1,2017-2018,Lyon,363.8,3,382.9070624144827,3,0,FALSE
Ligue 1,2017-2018,Marseille,236.8,4,249.236922429218,4,0,FALSE
Ligue 1,2017-2018,Stade Rennais,131.25,7,138.1433533312283,7,0,FALSE
Ligue 1,2017-2018,Bordeaux,155.45,6,163.61435638353856,6,0,FALSE
Ligue 1,2017-2018,Saint-Étienne,106.88,9,112.49342174507947,9,0,FALSE
Ligue 1,2017-2018,Nice,204.1,5,214.81949268498053,5,0,FALSE
Ligue 1,2017-2018,Nantes,105.7,10,111.25144721608252,10,0,FALSE
Ligue 1,2017-2018,Montpellier,71.85,12,75.62361856646669,12,0,FALSE
Ligue 1,2017-2018,Dijon FCO,70.3,13,73.99221134617409,13,0,FALSE
Ligue 1,2017-2018,Guingamp,51.9,17,54.62582886011999,17,0,FALSE
Ligue 1,2017-2018,SC Amiens,69.85,14,73.51857699189559,14,0,FALSE
Ligue 1,2017-2018,Angers,69.55,15,73.20282075570992,15,0,FALSE
Ligue 1,2017-2018,Strasbourg,45.6,19,47.994947900221035,19,0,FALSE
Ligue 1,2017-2018,Caen,60.1,16,63.2564993158615,16,0,FALSE
Ligue 1,2017-2018,Lille,96.75,11,101.83138616987686,11,0,FALSE
Ligue 1,2017-2018,Toulouse,110.45,8,116.25092095568888,8,0,FALSE
Ligue 1,2017-2018,Troyes,45.05,20,47.41606146721398,20,0,FALSE
Ligue 1,2017-2018,Metz,51.2,18,53.88906430902011,18,0,FALSE
Ligue 1,2018-2019,Paris Saint-Germain,1010,1,872.0428250733898,1,0,FALSE
Ligue 1,2018-2019,Lille,267.55,4,231.00500777067867,4,0,FALSE
Ligue 1,2018-2019,Lyon,467.95,2,404.03211880504233,2,0,FALSE
Ligue 1,2018-2019,Saint-Étienne,131.25,9,113.32239682265586,9,0,FALSE
Ligue 1,2018-2019,Marseille,258.35,5,223.06164738387156,5,0,FALSE
Ligue 1,2018-2019,Montpellier,109.85,12,94.84544983595234,12,0,FALSE
Ligue 1,2018-2019,Nice,183.2,6,158.17648074598515,6,0,FALSE
Ligue 1,2018-2019,Stade de Reims,86.95,15,75.07338974270421,15,0,FALSE
Ligue 1,2018-2019,Nimes,88.15,14,76.10948022793991,14,0,FALSE
Ligue 1,2018-2019,Stade Rennais,168.45,8,145.44120186496286,8,0,FALSE
Ligue 1,2018-2019,Strasbourg,98,13,84.6140562942497,13,0,FALSE
Ligue 1,2018-2019,Nantes,119.5,10,103.17734415472286,10,0,FALSE
Ligue 1,2018-2019,Angers,79.7,16,68.81367639440512,16,0,FALSE
Ligue 1,2018-2019,Bordeaux,179,7,154.5501640476602,7,0,FALSE
Ligue 1,2018-2019,SC Amiens,70.5,18,60.870316007598,18,0,FALSE
Ligue 1,2018-2019,Toulouse,113.25,11,97.78103954412019,11,0,FALSE
Ligue 1,2018-2019,AS Monaco,385.83,3,333.12899326541185,3,0,FALSE
Ligue 1,2018-2019,Dijon FCO,65.8,20,56.8122949404248,20,0,FALSE
Ligue 1,2018-2019,Caen,67.55,19,58.32326023139355,19,0,FALSE
Ligue 1,2018-2019,Guingamp,70.65,17,60.99982731825247,17,0,FALSE
Ligue 1,2019-2020,Paris Saint-Germain,874.15,1,874.15,1,0,FALSE
Ligue 1,2019-2020,Marseille,216.15,5,216.15,5,0,FALSE
Ligue 1,2019-2020,Stade Rennais,171.88,7,171.88,7,0,FALSE
Ligue 1,2019-2020,Lille,247.78,4,247.78,4,0,FALSE
Ligue 1,2019-2020,Nice,173.45,6,173.45,6,0,FALSE
Ligue 1,2019-2020,Stade de Reims,81.68,13,81.68,13,0,FALSE
Ligue 1,2019-2020,Lyon,384.55,2,384.55,2,0,FALSE
Ligue 1,2019-2020,Montpellier,81.68,13,81.68,13,0,FALSE
Ligue 1,2019-2020,AS Monaco,331.03,3,331.03,3,0,FALSE
Ligue 1,2019-2020,Strasbourg,91.13,11,91.13,11,0,FALSE
Ligue 1,2019-2020,Angers,89.48,12,89.48,12,0,FALSE
Ligue 1,2019-2020,Bordeaux,125.35,8,125.35,8,0,FALSE
Ligue 1,2019-2020,Nantes,106.15,9,106.15,9,0,FALSE
Ligue 1,2019-2020,Brest,47.78,20,47.78,20,0,FALSE
Ligue 1,2019-2020,Metz,54.1,17,54.1,17,0,FALSE
Ligue 1,2019-2020,Dijon FCO,50.23,18,50.23,18,0,FALSE
Ligue 1,2019-2020,Saint-Étienne,104.83,10,104.83,10,0,FALSE
Ligue 1,2019-2020,Nimes,49.65,19,49.65,19,0,FALSE
Ligue 1,2019-2020,SC Amiens,61.93,16,61.93,16,0,FALSE
Ligue 1,2019-2020,Toulouse,71.88,15,71.88,15,0,FALSE
Ligue 1,2020-2021,Lille,323.2,4,300.28802378519,4,0,FALSE
Ligue 1,2020-2021,Paris Saint-Germain,805,1,747.9327325095234,1,0,FALSE
Ligue 1,2020-2021,AS Monaco,370.35,3,344.09551240360497,3,0,FALSE
Ligue 1,2020-2021,Lyon,431.35,2,400.77116045712165,2,0,FALSE
Ligue 1,2020-2021,Marseille,247.95,6,230.37257270277803,6,0,FALSE
Ligue 1,2020-2021,Stade Rennais,297.5,5,276.40992288395427,5,0,FALSE
Ligue 1,2020-2021,Lens,104.3,14,96.90606708166868,14,0,FALSE
Ligue 1,2020-2021,Montpellier,113.85,9,105.77905788348973,9,0,FALSE
Ligue 1,2020-2021,Nice,236.1,7,219.36263123664403,7,0,FALSE
Ligue 1,2020-2021,Metz,103.5,15,96.16277989408157,15,0,FALSE
Ligue 1,2020-2021,Saint-Étienne,154.5,8,143.54733810275945,8,0,FALSE
Ligue 1,2020-2021,Bordeaux,105.7,12,98.2068196599461,12,0,FALSE
Ligue 1,2020-2021,Angers,111.65,10,103.7350181176252,10,0,FALSE
Ligue 1,2020-2021,Stade de Reims,105.18,13,97.7236829880145,13,0,FALSE
Ligue 1,2020-2021,Strasbourg,109.65,11,101.87680014865744,11,0,FALSE
Ligue 1,2020-2021,Lorient,72.88,18,67.71346278918516,18,0,FALSE
Ligue 1,2020-2021,Brest,103.23,16,95.91192046827094,16,0,FALSE
Ligue 1,2020-2021,Nantes,94.75,17,88.03307627984762,17,0,FALSE
Ligue 1,2020-2021,Nimes,60.4,20,56.11818266282635,20,0,FALSE
Ligue 1,2020-2021,Dijon FCO,65.63,19,60.97742265167704,19,0,FALSE
Ligue 1,2021-2022,Paris Saint-Germain,875.15,1,818.8921119116684,1,0,FALSE
Ligue 1,2021-2022,Marseille,284.7,6,266.3984279966314,6,0,FALSE
Ligue 1,2021-2022,AS Monaco,396,3,370.5436511649668,3,0,FALSE
Ligue 1,2021-2022,Stade Rennais,305.35,5,285.72096940207734,5,0,FALSE
Ligue 1,2021-2022,Nice,266.05,7,248.9473191728268,7,0,FALSE
Ligue 1,2021-2022,Strasbourg,120.05,11,112.33274071301581,11,0,FALSE
Ligue 1,2021-2022,Lens,154.05,8,144.147094600917,8,0,FALSE
Ligue 1,2021-2022,Lyon,397.7,2,372.1343688593618,2,0,FALSE
Ligue 1,2021-2022,Nantes,112.65,13,105.40844016094321,13,0,FALSE
Ligue 1,2021-2022,Lille,306.88,4,287.15261532703283,4,0,FALSE
Ligue 1,2021-2022,Brest,103.15,15,96.51913539814728,15,0,FALSE
Ligue 1,2021-2022,Stade de Reims,149.4,9,139.79601384860112,9,0,FALSE
Ligue 1,2021-2022,Montpellier,144.6,10,135.30457565266212,10,0,FALSE
Ligue 1,2021-2022,Angers,89.5,17,83.74660802844578,17,0,FALSE
Ligue 1,2021-2022,Troyes,73.2,18,68.49443248806962,18,0,FALSE
Ligue 1,2021-2022,Lorient,61.3,19,57.3594086273042,19,0,FALSE
Ligue 1,2021-2022,Clermont Foot,55.1,20,51.55796762421634,20,0,FALSE
Ligue 1,2021-2022,Saint-Étienne,105.65,14,98.85842612519885,14,0,FALSE
Ligue 1,2021-2022,Metz,91.05,16,85.19696827921774,16,0,FALSE
Ligue 1,2021-2022,Bordeaux,116.85,12,109.33844858238982,12,0,FALSE
Ligue 1,2022-2023,Paris Saint-Germain,891.1,1,772.5853996878793,1,0,FALSE
Ligue 1,2022-2023,Lens,238.15,8,206.47650424830937,8,0,FALSE
Ligue 1,2022-2023,Marseille,331.55,5,287.4544823998613,5,0,FALSE
Ligue 1,2022-2023,Stade Rennais,387.75,2,336.17998959597713,2,0,FALSE
Ligue 1,2022-2023,Lille,247.95,7,214.97312294087047,7,0,FALSE
Ligue 1,2022-2023,AS Monaco,368.3,3,319.3168024969655,3,0,FALSE
Ligue 1,2022-2023,Lyon,350.95,4,304.27431940350266,4,0,FALSE
Ligue 1,2022-2023,Clermont Foot,48,19,41.616091555401425,19,0,FALSE
Ligue 1,2022-2023,Nice,310.8,6,269.46419282122423,6,0,FALSE
Ligue 1,2022-2023,Lorient,175.45,9,152.11548465406622,9,0,FALSE
Ligue 1,2022-2023,Stade de Reims,159.05,10,137.89665337263745,10,0,FALSE
Ligue 1,2022-2023,Montpellier,142.9,11,123.89457256805966,11,0,FALSE
Ligue 1,2022-2023,Toulouse,104.8,14,90.86179989595978,14,0,FALSE
Ligue 1,2022-2023,Brest,76.65,15,66.45569620253166,15,0,FALSE
Ligue 1,2022-2023,Strasbourg,123.55,12,107.11808565978845,12,0,FALSE
Ligue 1,2022-2023,Nantes,119.28,13,103.41598751517253,13,0,FALSE
Ligue 1,2022-2023,AJ Auxerre,54.8,18,47.511704525749956,18,0,FALSE
Ligue 1,2022-2023,AC Ajaccio,27,20,23.4090514999133,20,0,FALSE
Ligue 1,2022-2023,Troyes,76.3,16,66.15224553494018,16,0,FALSE
Ligue 1,2022-2023,Angers,71.8,17,62.25073695162129,17,0,FALSE
Ligue 1,2023-2024,Paris Saint-Germain,1020,1,817.5042077422457,1,0,FALSE
Ligue 1,2023-2024,AS Monaco,398.55,2,319.42774705458044,2,0,FALSE
Ligue 1,2023-2024,Brest,115.15,15,92.28981325639177,15,0,FALSE
Ligue 1,2023-2024,Lille,328.9,4,263.60503326120056,4,0,FALSE
Ligue 1,2023-2024,Nice,268.78,7,215.42037348721644,7,0,FALSE
Ligue 1,2023-2024,Lyon,305.95,6,245.21118858700007,6,0,FALSE
Ligue 1,2023-2024,Lens,205.6,8,164.7832010900056,8,0,FALSE
Ligue 1,2023-2024,Marseille,311.4,5,249.57922577542675,5,0,FALSE
Ligue 1,2023-2024,Stade de Reims,134.55,12,107.83842269776389,12,0,FALSE
Ligue 1,2023-2024,Stade Rennais,375.35,3,300.8335337020117,3,0,FALSE
Ligue 1,2023-2024,Toulouse,145.2,11,116.37412839624909,11,0,FALSE
Ligue 1,2023-2024,Montpellier,145.58,10,116.67868878736877,10,0,FALSE
Ligue 1,2023-2024,Strasbourg,157.7,9,126.39256231465896,9,0,FALSE
Ligue 1,2023-2024,Nantes,125.9,14,100.90566642622426,14,0,FALSE
Ligue 1,2023-2024,Le Havre AC,72.5,16,58.10691672677727,16,0,FALSE
Ligue 1,2023-2024,Metz,65.4,17,52.41644626112046,17,0,FALSE
Ligue 1,2023-2024,Lorient,131.85,13,105.67444097138734,13,0,FALSE
Ligue 1,2023-2024,Clermont Foot,61.35,18,49.17047367155566,18,0,FALSE
Ligue 1,2024-2025,Paris Saint-Germain,1140,1,877.1929824561403,1,0,FALSE
Ligue 1,2024-2025,Marseille,358,3,275.46937519236684,3,0,FALSE
Ligue 1,2024-2025,AS Monaco,411.15,2,316.3665743305632,2,0,FALSE
Ligue 1,2024-2025,Nice,227.05,8,174.70760233918128,8,0,FALSE
Ligue 1,2024-2025,Lille,336.55,4,258.96429670667897,4,0,FALSE
Ligue 1,2024-2025,Lyon,309.85,5,238.41951369652202,5,0,FALSE
Ligue 1,2024-2025,Strasbourg,307.85,6,236.88057863958142,6,0,FALSE
Ligue 1,2024-2025,Lens,221.45,9,170.3985841797476,9,0,FALSE
Ligue 1,2024-2025,Brest,110.65,13,85.14158202523853,13,0,FALSE
Ligue 1,2024-2025,Toulouse,121.6,11,93.56725146198829,11,0,FALSE
Ligue 1,2024-2025,AJ Auxerre,86.9,14,66.86672822406895,14,0,FALSE
Ligue 1,2024-2025,Stade Rennais,294.7,7,226.76208064019696,7,0,FALSE
Ligue 1,2024-2025,Nantes,114.65,12,88.21945213911972,12,0,FALSE
Ligue 1,2024-2025,Angers,51.65,18,39.74299784549092,18,0,FALSE
Ligue 1,2024-2025,Le Havre AC,70.55,16,54.28593413357956,16,0,FALSE
Ligue 1,2024-2025,Stade de Reims,152.5,10,117.34379809172052,10,0,FALSE
Ligue 1,2024-2025,Saint-Étienne,81.6,15,62.78855032317635,15,0,FALSE
Ligue 1,2024-2025,Montpellier,65.85,17,50.669436749769154,17,0,FALSE
Premier League,2015-2016,Leicester City,161.1,11,271.852851839352,11,0,FALSE
Premier League,2015-2016,Arsenal,457.85,3,772.6122173472831,3,0,FALSE
Premier League,2015-2016,Tottenham Hotspur,371.85,6,627.4890313871077,6,0,FALSE
Premier League,2015-2016,Manchester City,499.35,2,842.6425919676004,2,0,FALSE
Premier League,2015-2016,Manchester United,439.85,4,742.2375970300371,4,0,FALSE
Premier League,2015-2016,Southampton,225.5,8,380.5264934188323,8,0,FALSE
Premier League,2015-2016,West Ham United,201.33,9,339.7401282483969,9,0,FALSE
Premier League,2015-2016,Liverpool,375.25,5,633.2264596692542,5,0,FALSE
Premier League,2015-2016,Stoke City,147,12,248.05939925750928,12,0,FALSE
Premier League,2015-2016,Chelsea,553.5,1,934.0195747553155,1,0,FALSE
Premier League,2015-2016,Everton,249.85,7,421.61660479244006,7,0,FALSE
Premier League,2015-2016,Swansea City,145.8,13,246.0344245696929,13,0,FALSE
Premier League,2015-2016,Watford,137,14,231.1846101923726,14,0,FALSE
Premier League,2015-2016,West Bromwich Albion,113.1,18,190.8538643266959,18,0,FALSE
Premier League,2015-2016,Crystal Palace,135.7,15,228.9908876139048,15,0,FALSE
Premier League,2015-2016,AFC Bournemouth,99.9,20,168.57914276071548,20,0,FALSE
Premier League,2015-2016,Sunderland,111.25,19,187.73202834964562,19,0,FALSE
Premier League,2015-2016,Newcastle United,198,10,334.12082348970637,10,0,FALSE
Premier League,2015-2016,Norwich City,116.9,17,197.26628417144786,17,0,FALSE
Premier League,2015-2016,Aston Villa,117.95,16,199.03813702328722,16,0,FALSE
Premier League,2016-2017,Chelsea,686.7,1,993.058568329718,1,0,FALSE
Premier League,2016-2017,Tottenham Hotspur,543.65,3,786.1894432393348,3,0,FALSE
Premier League,2016-2017,Manchester City,576.5,2,833.6948662328272,2,0,FALSE
Premier League,2016-2017,Liverpool,425.65,6,615.5459146782357,6,0,FALSE
Premier League,2016-2017,Arsenal,542,4,783.8033261026753,4,0,FALSE
Premier League,2016-2017,Manchester United,531.45,5,768.5466377440348,5,0,FALSE
Premier League,2016-2017,Everton,311.25,7,450.10845986984816,7,0,FALSE
Premier League,2016-2017,Southampton,263.75,9,381.4172089660159,9,0,FALSE
Premier League,2016-2017,AFC Bournemouth,131.6,17,190.3109182935647,17,0,FALSE
Premier League,2016-2017,West Bromwich Albion,123.2,19,178.16341287057122,19,0,FALSE
Premier League,2016-2017,West Ham United,273.05,8,394.8662328271873,8,0,FALSE
Premier League,2016-2017,Leicester City,218.65,11,316.1966738973247,11,0,FALSE
Premier League,2016-2017,Stoke City,186,12,268.98047722342733,12,0,FALSE
Premier League,2016-2017,Crystal Palace,228.43,10,330.33984092552424,10,0,FALSE
Premier League,2016-2017,Swansea City,157.1,14,227.1872740419378,14,0,FALSE
Premier League,2016-2017,Burnley,107.18,20,154.99638467100507,20,0,FALSE
Premier League,2016-2017,Watford,175.65,13,254.0130151843818,13,0,FALSE
Premier League,2016-2017,Hull City,135.85,15,196.4569775849602,15,0,FALSE
Premier League,2016-2017,Middlesbrough,128.8,18,186.26174981923356,18,0,FALSE
Premier League,2016-2017,Sunderland,132,16,190.88937093275487,16,0,FALSE
Premier League,2017-2018,Manchester City,1010,1,1063.0459951584044,1,0,FALSE
Premier League,2017-2018,Manchester United,849.5,4,894.1164087990738,4,0,FALSE
Premier League,2017-2018,Tottenham Hotspur,829.6,5,873.1712451320915,5,0,FALSE
Premier League,2017-2018,Liverpool,857.5,3,902.5365750973582,3,0,FALSE
Premier League,2017-2018,Chelsea,884.25,2,930.6915061572466,2,0,FALSE
Premier League,2017-2018,Arsenal,694,6,730.449426376171,6,0,FALSE
Premier League,2017-2018,Burnley,169.3,15,178.19176928744346,15,0,FALSE
Premier League,2017-2018,Everton,381.25,7,401.27355015261554,7,0,FALSE
Premier League,2017-2018,Leicester City,304.25,8,320.2294495316283,8,0,FALSE
Premier League,2017-2018,Newcastle United,208.28,12,219.21902957583413,12,0,FALSE
Premier League,2017-2018,Crystal Palace,220.73,11,232.3229133775392,11,0,FALSE
Premier League,2017-2018,AFC Bournemouth,144.5,19,152.0892537627618,19,0,FALSE
Premier League,2017-2018,West Ham United,268.1,10,282.1808230712557,10,0,FALSE
Premier League,2017-2018,Watford,196,13,206.2940743079676,13,0,FALSE
Premier League,2017-2018,Brighton & Hove Albion,148.2,18,155.98358067571834,18,0,FALSE
Premier League,2017-2018,Huddersfield Town,106.05,20,111.61982949163246,20,0,FALSE
Premier League,2017-2018,Southampton,297,9,312.59867382380804,9,0,FALSE
Premier League,2017-2018,Swansea City,165.49,17,174.1816650878855,17,0,FALSE
Premier League,2017-2018,Stoke City,192.45,14,202.5576255131039,14,0,FALSE
Premier League,2017-2018,West Bromwich Albion,165.95,16,174.66582465003683,16,0,FALSE
Premier League,2018-2019,Manchester City,1200,1,1036.0904852357107,1,0,FALSE
Premier League,2018-2019,Liverpool,1170,2,1010.1882231048179,2,0,FALSE
Premier League,2018-2019,Chelsea,1170,2,1010.1882231048179,2,0,FALSE
Premier League,2018-2019,Tottenham Hotspur,898.6,4,775.859091694008,4,0,FALSE
Premier League,2018-2019,Arsenal,659.05,6,569.0295285788293,6,0,FALSE
Premier League,2018-2019,Manchester United,797.6,5,688.654809186669,5,0,FALSE
Premier League,2018-2019,Wolverhampton Wanderers,302.9,12,261.5265066482473,12,0,FALSE
Premier League,2018-2019,Everton,529.1,7,456.8295631151788,7,0,FALSE
Premier League,2018-2019,Leicester City,434.1,8,374.8057330340184,8,0,FALSE
Premier League,2018-2019,West Ham United,359,9,309.96373683301675,9,0,FALSE
Premier League,2018-2019,Watford,239.1,16,206.44102918321533,16,0,FALSE
Premier League,2018-2019,Crystal Palace,289,13,249.525125194267,13,0,FALSE
Premier League,2018-2019,Newcastle United,244.65,15,211.23294767743053,15,0,FALSE
Premier League,2018-2019,AFC Bournemouth,310,10,267.65670868589194,10,0,FALSE
Premier League,2018-2019,Burnley,197.25,17,170.30737351061995,17,0,FALSE
Premier League,2018-2019,Southampton,305.4,11,263.68502849248836,11,0,FALSE
Premier League,2018-2019,Brighton & Hove Albion,194.35,18,167.8034881713003,18,0,FALSE
Premier League,2018-2019,Cardiff City,113,20,97.56518735969608,20,0,FALSE
Premier League,2018-2019,Fulham,254.25,14,219.5216715593162,14,0,FALSE
Premier League,2018-2019,Huddersfield Town,137.45,19,118.67553099637368,19,0,FALSE
Premier League,2019-2020,Liverpool,1000,2,1000,2,0,FALSE
Premier League,2019-2020,Manchester City,1050,1,1050,1,0,FALSE
Premier League,2019-2020,Manchester United,670.45,5,670.45,5,0,FALSE
Premier League,2019-2020,Chelsea,705.85,4,705.85,4,0,FALSE
Premier League,2019-2020,Leicester City,411.1,8,411.1,8,0,FALSE
Premier League,2019-2020,Tottenham Hotspur,806.8,3,806.8,3,0,FALSE
Premier League,2019-2020,Wolverhampton Wanderers,320.33,9,320.33,9,0,FALSE
Premier League,2019-2020,Arsenal,607.65,6,607.65,6,0,FALSE
Premier League,2019-2020,Sheffield United,138.6,20,138.6,20,0,FALSE
Premier League,2019-2020,Burnley,163.88,18,163.88,18,0,FALSE
Premier League,2019-2020,Southampton,210.75,14,210.75,14,0,FALSE
Premier League,2019-2020,Everton,420.55,7,420.55,7,0,FALSE
Premier League,2019-2020,Newcastle United,252.48,12,252.48,12,0,FALSE
Premier League,2019-2020,Crystal Palace,189.33,17,189.33,17,0,FALSE
Premier League,2019-2020,Brighton & Hove Albion,200.78,15,200.78,15,0,FALSE
Premier League,2019-2020,West Ham United,303.6,10,303.6,10,0,FALSE
Premier League,2019-2020,Aston Villa,231.7,13,231.7,13,0,FALSE
Premier League,2019-2020,AFC Bournemouth,272.18,11,272.18,11,0,FALSE
Premier League,2019-2020,Watford,199.6,16,199.6,16,0,FALSE
Premier League,2019-2020,Norwich City,145.33,19,145.33,19,0,FALSE
Premier League,2020-2021,Manchester City,1040,1,966.2733438632351,1,0,FALSE
Premier League,2020-2021,Manchester United,770.05,4,715.4603735018117,4,0,FALSE
Premier League,2020-2021,Liverpool,969.65,2,900.9105268047941,2,0,FALSE
Premier League,2020-2021,Chelsea,889.2,3,826.1637090030661,3,0,FALSE
Premier League,2020-2021,Leicester City,510.6,8,474.4030474774691,8,0,FALSE
Premier League,2020-2021,West Ham United,336.4,11,312.5522623803772,11,0,FALSE
Premier League,2020-2021,Tottenham Hotspur,703.5,5,653.6281705844095,5,0,FALSE
Premier League,2020-2021,Arsenal,619.25,6,575.3507386416427,6,0,FALSE
Premier League,2020-2021,Leeds United,238.1,16,221.2208492056118,16,0,FALSE
Premier League,2020-2021,Everton,511.2,7,474.9605128681594,7,0,FALSE
Premier League,2020-2021,Aston Villa,430.7,10,400.1672396172071,10,0,FALSE
Premier League,2020-2021,Newcastle United,255.35,14,237.24797918795875,14,0,FALSE
Premier League,2020-2021,Wolverhampton Wanderers,450.3,9,418.3777757130911,9,0,FALSE
Premier League,2020-2021,Crystal Palace,193.85,17,180.10777664220012,17,0,FALSE
Premier League,2020-2021,Southampton,282.8,13,262.7520208120413,13,0,FALSE
Premier League,2020-2021,Brighton & Hove Albion,290.4,12,269.8132490941187,12,0,FALSE
Premier League,2020-2021,Burnley,132.3,20,122.92111864721733,20,0,FALSE
Premier League,2020-2021,Fulham,239.75,15,222.7538790300102,15,0,FALSE
Premier League,2020-2021,West Bromwich Albion,141.15,19,131.14373315989965,19,0,FALSE
Premier League,2020-2021,Sheffield United,149.85,18,139.2269813249094,18,0,FALSE
Premier League,2021-2022,Manchester City,1000,1,935.7162908206232,1,0,FALSE
Premier League,2021-2022,Liverpool,918.9,2,859.8296996350706,2,0,FALSE
Premier League,2021-2022,Chelsea,914.5,3,855.71254795546,3,0,FALSE
Premier League,2021-2022,Tottenham Hotspur,689.35,5,645.0360250771967,5,0,FALSE
Premier League,2021-2022,Arsenal,613.05,6,573.640872087583,6,0,FALSE
Premier League,2021-2022,Manchester United,769.15,4,719.7061850846823,4,0,FALSE
Premier League,2021-2022,West Ham United,354.9,11,332.08571161223915,11,0,FALSE
Premier League,2021-2022,Leicester City,526.55,7,492.7014129315991,7,0,FALSE
Premier League,2021-2022,Brighton & Hove Albion,318,12,297.5577804809582,12,0,FALSE
Premier League,2021-2022,Wolverhampton Wanderers,376.95,10,352.71825582483393,10,0,FALSE
Premier League,2021-2022,Newcastle United,313.9,13,293.7213436885936,13,0,FALSE
Premier League,2021-2022,Crystal Palace,271.05,17,253.62590062692993,17,0,FALSE
Premier League,2021-2022,Brentford,273.3,16,255.73126228127634,16,0,FALSE
Premier League,2021-2022,Aston Villa,487.75,8,456.39562084775895,8,0,FALSE
Premier League,2021-2022,Southampton,274.3,15,256.666978572097,15,0,FALSE
Premier League,2021-2022,Everton,479.05,9,448.25488911761954,9,0,FALSE
Premier League,2021-2022,Leeds United,299.45,14,280.2002432862356,14,0,FALSE
Premier League,2021-2022,Burnley,137.85,20,128.9884906896229,20,0,FALSE
Premier League,2021-2022,Watford,156.2,19,146.15888462618133,19,0,FALSE
Premier League,2021-2022,Norwich City,163.2,18,152.7088986619257,18,0,FALSE
Premier League,2022-2023,Manchester City,1150,1,997.0521935148257,1,0,FALSE
Premier League,2022-2023,Arsenal,1000,2,867.0019074041963,2,0,FALSE
Premier League,2022-2023,Manchester United,847.75,4,735.0008670019074,4,0,FALSE
Premier League,2022-2023,Newcastle United,541.6,7,469.5682330501127,7,0,FALSE
Premier League,2022-2023,Liverpool,811.85,5,703.8754985260967,5,0,FALSE
Premier League,2022-2023,Brighton & Hove Albion,529.8,8,459.33761054274316,8,0,FALSE
Premier League,2022-2023,Aston Villa,509.55,9,441.7808219178082,9,0,FALSE
Premier League,2022-2023,Tottenham Hotspur,649.1,6,562.7709380960638,6,0,FALSE
Premier League,2022-2023,Brentford,371.2,16,321.83110802843765,16,0,FALSE
Premier League,2022-2023,Fulham,295.1,19,255.85226287497835,19,0,FALSE
Premier League,2022-2023,Crystal Palace,323.05,18,280.0849661869256,18,0,FALSE
Premier League,2022-2023,Chelsea,994.95,3,862.6235477718052,3,0,FALSE
Premier League,2022-2023,Wolverhampton Wanderers,497.65,10,431.4634992196983,10,0,FALSE
Premier League,2022-2023,West Ham United,465.6,12,403.6760880873938,12,0,FALSE
Premier League,2022-2023,AFC Bournemouth,287.2,20,249.00294780648517,20,0,FALSE
Premier League,2022-2023,Nottingham Forest,376.25,15,326.20946766082886,15,0,FALSE
Premier League,2022-2023,Everton,413.15,14,358.2018380440437,14,0,FALSE
Premier League,2022-2023,Leicester City,490.7,11,425.43783596323914,11,0,FALSE
Premier League,2022-2023,Leeds United,345.15,17,299.24570834055834,17,0,FALSE
Premier League,2022-2023,Southampton,419.95,13,364.0974510143922,13,0,FALSE
Premier League,2023-2024,Manchester City,1460,1,1170.1530816702732,1,0,FALSE
Premier League,2023-2024,Arsenal,1200,2,961.7696561673479,2,0,FALSE
Premier League,2023-2024,Liverpool,955.65,4,765.9293099302716,4,0,FALSE
Premier League,2023-2024,Aston Villa,709.65,7,568.7665304159653,7,0,FALSE
Premier League,2023-2024,Tottenham Hotspur,838.5,5,672.0365472469343,5,0,FALSE
Premier League,2023-2024,Chelsea,1010,3,809.4894606075178,3,0,FALSE
Premier League,2023-2024,Newcastle United,652.25,8,522.7618818626272,8,0,FALSE
Premier League,2023-2024,Manchester United,808.35,6,647.8720846357297,6,0,FALSE
Premier League,2023-2024,West Ham United,487.5,11,390.71892281798506,11,0,FALSE
Premier League,2023-2024,Crystal Palace,446.58,12,357.9225775426785,12,0,FALSE
Premier League,2023-2024,Brighton & Hove Albion,524.4,9,420.293339745131,9,0,FALSE
Premier League,2023-2024,AFC Bournemouth,401.75,15,321.9924661376933,15,0,FALSE
Premier League,2023-2024,Fulham,384.35,17,308.04680612326683,17,0,FALSE
Premier League,2023-2024,Wolverhampton Wanderers,442.73,13,354.8368998958083,13,0,FALSE
Premier League,2023-2024,Everton,391.75,16,313.97771900296544,16,0,FALSE
Premier League,2023-2024,Brentford,428.78,14,343.65632764286283,14,0,FALSE
Premier League,2023-2024,Nottingham Forest,501.35,10,401.81934759958324,10,0,FALSE
Premier League,2023-2024,Luton Town,140.9,20,112.9277871283161,20,0,FALSE
Premier League,2023-2024,Burnley,273.48,18,219.1873046405386,18,0,FALSE
Premier League,2023-2024,Sheffield United,152.35,19,122.10467259757954,19,0,FALSE
Premier League,2024-2025,Liverpool,950.95,4,731.7251461988304,4,0,FALSE
Premier League,2024-2025,Arsenal,1160,3,892.5823330255463,3,0,FALSE
Premier League,2024-2025,Manchester City,1360,1,1046.475838719606,1,0,FALSE
Premier League,2024-2025,Chelsea,1190,2,915.6663588796553,2,0,FALSE
Premier League,2024-2025,Newcastle United,677.53,8,521.3373345644814,8,0,FALSE
Premier League,2024-2025,Aston Villa,680.55,7,523.6611265004616,7,0,FALSE
Premier League,2024-2025,Nottingham Forest,481.3,12,370.3447214527547,12,0,FALSE
Premier League,2024-2025,Brighton & Hove Albion,667.58,9,513.681132656202,9,0,FALSE
Premier League,2024-2025,AFC Bournemouth,518.6,11,399.04586026469684,11,0,FALSE
Premier League,2024-2025,Brentford,427.85,14,329.21668205601725,14,0,FALSE
Premier League,2024-2025,Fulham,362.35,17,278.8165589412127,17,0,FALSE
Premier League,2024-2025,Crystal Palace,526.85,10,405.3939673745768,10,0,FALSE
Premier League,2024-2025,Everton,363.23,16,279.49369036626655,16,0,FALSE
Premier League,2024-2025,West Ham United,400.7,15,308.3256386580486,15,0,FALSE
Premier League,2024-2025,Manchester United,825,5,634.8107109879962,5,0,FALSE
Premier League,2024-2025,Wolverhampton Wanderers,433.05,13,333.21791320406277,13,0,FALSE
Premier League,2024-2025,Tottenham Hotspur,777.3,6,598.107109879963,6,0,FALSE
Premier League,2024-2025,Leicester City,253.35,20,194.9445983379501,20,0,FALSE
Premier League,2024-2025,Ipswich Town,270.1,19,207.83317943982763,19,0,FALSE
Premier League,2024-2025,Southampton,310.05,18,238.57340720221606,18,0,FALSE
Serie A,2015-2016,Juventus,440,1,742.4907188660142,1,0,FALSE
Serie A,2015-2016,Napoli,321.93,3,543.2500843739454,3,0,FALSE
Serie A,2015-2016,AS Roma,332.9,2,561.7617279784002,2,0,FALSE
Serie A,2015-2016,Internazionale,294.28,4,496.5912926088423,4,0,FALSE
Serie A,2015-2016,Fiorentina,190.53,6,321.5153560580493,6,0,FALSE
Serie A,2015-2016,Sassuolo,97,10,163.68545393182586,10,0,FALSE
Serie A,2015-2016,AC Milan,213.83,5,360.8336145798178,5,0,FALSE
Serie A,2015-2016,Lazio,175.3,7,295.8150523118461,7,0,FALSE
Serie A,2015-2016,Chievo Verona,49.78,18,84.00269996625042,18,0,FALSE
Serie A,2015-2016,Empoli,74.6,15,125.88592642591966,15,0,FALSE
Serie A,2015-2016,Genoa,117.55,9,198.36314546068172,9,0,FALSE
Serie A,2015-2016,Torino,89.83,12,151.58623017212284,12,0,FALSE
Serie A,2015-2016,Atalanta,78.45,13,132.3827202159973,13,0,FALSE
Serie A,2015-2016,Bologna,75.23,14,126.9490381370233,14,0,FALSE
Serie A,2015-2016,Sampdoria,126.53,8,213.51670604117447,8,0,FALSE
Serie A,2015-2016,Palermo,68.68,16,115.89605129935876,16,0,FALSE
Serie A,2015-2016,Udinese,93,11,156.93553830577116,11,0,FALSE
Serie A,2015-2016,Carpi,52.05,17,87.83327708403644,17,0,FALSE
Serie A,2015-2016,Frosinone,38.3,20,64.6304421194735,20,0,FALSE
Serie A,2015-2016,Hellas Verona,47.8,19,80.66149173135335,19,0,FALSE
Serie A,2016-2017,Juventus,497.18,1,718.9877078814172,1,0,FALSE
Serie A,2016-2017,AS Roma,354.68,3,512.9139551699204,3,0,FALSE
Serie A,2016-2017,Napoli,387.3,2,560.0867678958786,2,0,FALSE
Serie A,2016-2017,Atalanta,161.7,9,233.83947939262472,9,0,FALSE
Serie A,2016-2017,Lazio,226.45,6,327.4765003615329,6,0,FALSE
Serie A,2016-2017,AC Milan,254.33,5,367.7946493130875,5,0,FALSE
Serie A,2016-2017,Internazionale,328.3,4,474.765003615329,4,0,FALSE
Serie A,2016-2017,Fiorentina,217.08,7,313.92624728850325,7,0,FALSE
Serie A,2016-2017,Torino,162.35,8,234.77946493130875,8,0,FALSE
Serie A,2016-2017,Sampdoria,117.58,11,170.03615328994937,11,0,FALSE
Serie A,2016-2017,Cagliari,61.08,15,88.32971800433839,15,0,FALSE
Serie A,2016-2017,Sassuolo,145.25,10,210.05061460592913,10,0,FALSE
Serie A,2016-2017,Udinese,101.95,13,147.43311641359364,13,0,FALSE
Serie A,2016-2017,Chievo Verona,45.88,18,66.34851771511208,18,0,FALSE
Serie A,2016-2017,Bologna,95,14,137.3825018076645,14,0,FALSE
Serie A,2016-2017,Genoa,108.18,12,156.44251626898048,12,0,FALSE
Serie A,2016-2017,Crotone,36.7,20,53.073029645697765,20,0,FALSE
Serie A,2016-2017,Empoli,55.45,16,80.1879971077368,16,0,FALSE
Serie A,2016-2017,Palermo,41.1,19,59.43600867678959,19,0,FALSE
Serie A,2016-2017,Pescara,48.1,17,69.5589298626175,17,0,FALSE
Serie A,2017-2018,Juventus,653.15,1,687.4539522155562,1,0,FALSE
Serie A,2017-2018,Napoli,504.25,2,530.7336069887381,2,0,FALSE
Serie A,2017-2018,AS Roma,469.1,4,493.73750131565106,4,0,FALSE
Serie A,2017-2018,Internazionale,487.28,3,512.8723292285023,3,0,FALSE
Serie A,2017-2018,Lazio,408.78,5,430.2494474265867,5,0,FALSE
Serie A,2017-2018,AC Milan,407.05,6,428.42858646458274,6,0,FALSE
Serie A,2017-2018,Atalanta,207.95,8,218.8716977160299,8,0,FALSE
Serie A,2017-2018,Fiorentina,237.33,7,249.79475844647934,7,0,FALSE
Serie A,2017-2018,Torino,175.53,10,184.74897379223242,10,0,FALSE
Serie A,2017-2018,Sampdoria,190.45,9,200.4525839385328,9,0,FALSE
Serie A,2017-2018,Sassuolo,126.78,12,133.43858541206188,12,0,FALSE
Serie A,2017-2018,Genoa,135.13,11,142.22713398589622,11,0,FALSE
Serie A,2017-2018,Chievo Verona,55.23,19,58.130723081780864,19,0,FALSE
Serie A,2017-2018,Udinese,108.03,13,113.70382065045786,13,0,FALSE
Serie A,2017-2018,Bologna,103.55,14,108.9885275234186,14,0,FALSE
Serie A,2017-2018,Cagliari,98.58,15,103.75749921060941,15,0,FALSE
Serie A,2017-2018,SPAL,63.55,16,66.88769603199663,16,0,FALSE
Serie A,2017-2018,Crotone,47.88,20,50.39469529523209,20,0,FALSE
Serie A,2017-2018,Hellas Verona,56.5,18,59.467424481633515,18,0,FALSE
Serie A,2017-2018,Benevento,57.83,17,60.867277128723295,17,0,FALSE
Serie A,2018-2019,Juventus,871.05,1,752.0721809704714,1,0,FALSE
Serie A,2018-2019,Napoli,646.8,2,558.452771542048,2,0,FALSE
Serie A,2018-2019,Atalanta,367.68,6,317.45812467622176,6,0,FALSE
Serie A,2018-2019,Internazionale,617.93,3,533.5261612847522,3,0,FALSE
Serie A,2018-2019,AC Milan,578.48,4,499.4646865826283,4,0,FALSE
Serie A,2018-2019,AS Roma,459.05,5,396.34778103954415,5,0,FALSE
Serie A,2018-2019,Torino,239.23,10,206.55327231911588,10,0,FALSE
Serie A,2018-2019,Lazio,291.15,8,251.3814539803143,8,0,FALSE
Serie A,2018-2019,Sampdoria,216.75,11,187.14384389570023,11,0,FALSE
Serie A,2018-2019,Bologna,119.68,15,103.33275772750822,15,0,FALSE
Serie A,2018-2019,Sassuolo,242.05,9,208.9880849594198,9,0,FALSE
Serie A,2018-2019,Udinese,201.2,12,173.7178380245208,12,0,FALSE
Serie A,2018-2019,SPAL,97.4,17,84.09601105163185,17,0,FALSE
Serie A,2018-2019,Parma,95.75,18,82.67138663443275,18,0,FALSE
Serie A,2018-2019,Cagliari,155.38,14,134.1564496632706,14,0,FALSE
Serie A,2018-2019,Fiorentina,315.33,7,272.2586772578139,7,0,FALSE
Serie A,2018-2019,Genoa,191.73,13,165.54135727853566,13,0,FALSE
Serie A,2018-2019,Empoli,105.6,16,91.17596270074253,16,0,FALSE
Serie A,2018-2019,Frosinone,54.53,20,47.081678466586084,20,0,FALSE
Serie A,2018-2019,Chievo Verona,54.7,19,47.22845795199448,19,0,FALSE
Serie A,2019-2020,Juventus,661.88,1,661.88,1,0,FALSE
Serie A,2019-2020,Internazionale,606.05,2,606.05,2,0,FALSE
Serie A,2019-2020,Atalanta,291.43,8,291.43,8,0,FALSE
Serie A,2019-2020,Lazio,303.88,6,303.88,6,0,FALSE
Serie A,2019-2020,AS Roma,392.73,5,392.73,5,0,FALSE
Serie A,2019-2020,AC Milan,404.33,4,404.33,4,0,FALSE
Serie A,2019-2020,Napoli,548.28,3,548.28,3,0,FALSE
Serie A,2019-2020,Sassuolo,167.98,9,167.98,9,0,FALSE
Serie A,2019-2020,Hellas Verona,112.53,17,112.53,17,0,FALSE
Serie A,2019-2020,Fiorentina,302.23,7,302.23,7,0,FALSE
Serie A,2019-2020,Parma,128.75,15,128.75,15,0,FALSE
Serie A,2019-2020,Bologna,129.65,14,129.65,14,0,FALSE
Serie A,2019-2020,Udinese,121.08,16,121.08,16,0,FALSE
Serie A,2019-2020,Cagliari,167.83,10,167.83,10,0,FALSE
Serie A,2019-2020,Sampdoria,135.28,13,135.28,13,0,FALSE
Serie A,2019-2020,Torino,163.55,11,163.55,11,0,FALSE
Serie A,2019-2020,Genoa,142.38,12,142.38,12,0,FALSE
Serie A,2019-2020,Lecce,52.33,20,52.33,20,0,FALSE
Serie A,2019-2020,Brescia,83.23,18,83.23,18,0,FALSE
Serie A,2019-2020,SPAL,73.63,19,73.63,19,0,FALSE
Serie A,2020-2021,Internazionale,663.9,1,616.8354547988479,1,0,FALSE
Serie A,2020-2021,AC Milan,547.78,3,508.9473195205797,3,0,FALSE
Serie A,2020-2021,Atalanta,430,5,399.5168633280684,5,0,FALSE
Serie A,2020-2021,Juventus,633.3,2,588.4047198736412,2,0,FALSE
Serie A,2020-2021,Napoli,530.2,4,492.6135835733532,4,0,FALSE
Serie A,2020-2021,Lazio,326.33,7,303.19613490662454,7,0,FALSE
Serie A,2020-2021,AS Roma,395.65,6,367.60196971104705,6,0,FALSE
Serie A,2020-2021,Sassuolo,241.74,9,224.60280590913314,9,0,FALSE
Serie A,2020-2021,Sampdoria,127.18,16,118.16408064665985,16,0,FALSE
Serie A,2020-2021,Hellas Verona,157.21,13,146.06522345071076,13,0,FALSE
Serie A,2020-2021,Genoa,111.93,17,103.99516863328068,17,0,FALSE
Serie A,2020-2021,Bologna,153.6,14,142.71114001672396,14,0,FALSE
Serie A,2020-2021,Fiorentina,286.8,8,266.4684567499768,8,0,FALSE
Serie A,2020-2021,Udinese,173,12,160.73585431571124,12,0,FALSE
Serie A,2020-2021,Spezia,71.68,18,66.59853200780452,18,0,FALSE
Serie A,2020-2021,Cagliari,187.83,10,174.51454055560717,10,0,FALSE
Serie A,2020-2021,Torino,175.28,11,162.85422280033447,11,0,FALSE
Serie A,2020-2021,Benevento,50.13,20,46.5762333921769,20,0,FALSE
Serie A,2020-2021,Crotone,52.75,19,49.010498931524666,19,0,FALSE
Serie A,2020-2021,Parma,128.7,15,119.57632630307533,15,0,FALSE
Serie A,2021-2022,AC Milan,546.95,3,511.7900252643399,3,0,FALSE
Serie A,2021-2022,Internazionale,558.55,2,522.6443342378591,2,0,FALSE
Serie A,2021-2022,Napoli,477.23,4,446.551885468326,4,0,FALSE
Serie A,2021-2022,Juventus,642.5,1,601.1977168522504,1,0,FALSE
Serie A,2021-2022,Lazio,264.53,8,247.52503041077944,8,0,FALSE
Serie A,2021-2022,AS Roma,381.25,6,356.7418358753626,6,0,FALSE
Serie A,2021-2022,Fiorentina,325.8,7,304.85636754935905,7,0,FALSE
Serie A,2021-2022,Atalanta,398.75,5,373.1168709647235,5,0,FALSE
Serie A,2021-2022,Hellas Verona,162.98,12,152.50304107794517,12,0,FALSE
Serie A,2021-2022,Torino,223.4,10,209.03901936932724,10,0,FALSE
Serie A,2021-2022,Sassuolo,251,9,234.86478899597643,9,0,FALSE
Serie A,2021-2022,Udinese,142.3,13,133.1524281837747,13,0,FALSE
Serie A,2021-2022,Bologna,186.2,11,174.23037335080002,11,0,FALSE
Serie A,2021-2022,Empoli,126.5,16,118.36811078880883,16,0,FALSE
Serie A,2021-2022,Sampdoria,128.55,15,120.28632918499112,15,0,FALSE
Serie A,2021-2022,Spezia,78.5,19,73.45372882941892,19,0,FALSE
Serie A,2021-2022,Salernitana,70.56,20,66.02414148030317,20,0,FALSE
Serie A,2021-2022,Cagliari,134.53,14,125.88191260409845,14,0,FALSE
Serie A,2021-2022,Genoa,121.28,17,113.48367175072518,17,0,FALSE
Serie A,2021-2022,Venezia,80.98,18,75.77430523065406,18,0,FALSE
Serie A,2022-2023,Napoli,654.08,1,567.0886075949368,1,0,FALSE
Serie A,2022-2023,Lazio,266.43,7,230.99531818970001,7,0,FALSE
Serie A,2022-2023,Internazionale,567.55,2,492.06693254725155,2,0,FALSE
Serie A,2022-2023,AC Milan,545.1,3,472.60273972602744,3,0,FALSE
Serie A,2022-2023,Atalanta,338.38,6,293.3761054274319,6,0,FALSE
Serie A,2022-2023,AS Roma,361.38,5,313.31714929772846,5,0,FALSE
Serie A,2022-2023,Juventus,483.13,4,418.87463152418934,4,0,FALSE
Serie A,2022-2023,Fiorentina,258.8,8,224.38009363620603,8,0,FALSE
Serie A,2022-2023,Bologna,153.63,12,133.19750303450667,12,0,FALSE
Serie A,2022-2023,Torino,197.19,10,170.96410612103347,10,0,FALSE
Serie A,2022-2023,Monza,135.7,13,117.65215883474943,13,0,FALSE
Serie A,2022-2023,Udinese,188.86,11,163.74198023235652,11,0,FALSE
Serie A,2022-2023,Sassuolo,232.2,9,201.31784289925437,9,0,FALSE
Serie A,2022-2023,Empoli,125.53,14,108.83474943644876,14,0,FALSE
Serie A,2022-2023,Salernitana,118.35,16,102.60967574128662,16,0,FALSE
Serie A,2022-2023,Lecce,105.2,18,91.20860065892145,18,0,FALSE
Serie A,2022-2023,Spezia,115.81,17,100.40749089647997,17,0,FALSE
Serie A,2022-2023,Hellas Verona,123.89,15,107.41286630830588,15,0,FALSE
Serie A,2022-2023,Cremonese,83.78,19,72.63741980232356,19,0,FALSE
Serie A,2022-2023,Sampdoria,82.96,20,71.92647823825212,20,0,FALSE
Serie A,2023-2024,Internazionale,654.85,1,524.8457161176565,1,0,FALSE
Serie A,2023-2024,AC Milan,571.41,2,457.9706660254869,2,0,FALSE
Serie A,2023-2024,Juventus,504.53,4,404.3680371884267,4,0,FALSE
Serie A,2023-2024,Atalanta,436.05,5,349.48304880981004,5,0,FALSE
Serie A,2023-2024,Bologna,349.3,6,279.95511741604554,6,0,FALSE
Serie A,2023-2024,AS Roma,340.4,7,272.82199246613766,7,0,FALSE
Serie A,2023-2024,Lazio,225.45,10,180.69247415244047,10,0,FALSE
Serie A,2023-2024,Fiorentina,284.1,8,227.69896609761963,8,0,FALSE
Serie A,2023-2024,Torino,232.73,9,186.5272100665224,9,0,FALSE
Serie A,2023-2024,Napoli,515,3,412.7594774384868,3,0,FALSE
Serie A,2023-2024,Genoa,195.4,11,156.60815901258314,11,0,FALSE
Serie A,2023-2024,Monza,143.43,13,114.95551815340227,13,0,FALSE
Serie A,2023-2024,Hellas Verona,140.7,14,112.76749218562153,14,0,FALSE
Serie A,2023-2024,Lecce,107.73,17,86.34287088242365,17,0,FALSE
Serie A,2023-2024,Udinese,170.06,12,136.29878977318265,12,0,FALSE
Serie A,2023-2024,Cagliari,92.23,20,73.92001282359541,20,0,FALSE
Serie A,2023-2024,Empoli,102.33,18,82.01490742967059,18,0,FALSE
Serie A,2023-2024,Frosinone,108.4,16,86.87985894045043,16,0,FALSE
Serie A,2023-2024,Sassuolo,139.54,15,111.8377815179931,15,0,FALSE
Serie A,2023-2024,Salernitana,94.6,19,75.81950789452593,19,0,FALSE
Serie A,2024-2025,Napoli,500.45,5,385.0800246229609,5,0,FALSE
Serie A,2024-2025,Internazionale,741.85,1,570.829485995691,1,0,FALSE
Serie A,2024-2025,Atalanta,501.2,4,385.6571252693136,4,0,FALSE
Serie A,2024-2025,Juventus,628.73,2,483.7873191751308,2,0,FALSE
Serie A,2024-2025,AS Roma,390.3,6,300.3231763619575,6,0,FALSE
Serie A,2024-2025,Fiorentina,368.13,7,283.264081255771,7,0,FALSE
Serie A,2024-2025,Lazio,294.9,9,226.915974145891,9,0,FALSE
Serie A,2024-2025,AC Milan,581.7,3,447.59926131117265,3,0,FALSE
Serie A,2024-2025,Bologna,340.65,8,262.11911357340716,8,0,FALSE
Serie A,2024-2025,Como,203.43,11,156.53277931671283,11,0,FALSE
Serie A,2024-2025,Torino,219.28,10,168.72883964296705,10,0,FALSE
Serie A,2024-2025,Udinese,198.9,12,153.0470914127424,12,0,FALSE
Serie A,2024-2025,Genoa,175.35,13,134.92613111726683,13,0,FALSE
Serie A,2024-2025,Hellas Verona,107.35,16,82.60233918128654,16,0,FALSE
Serie A,2024-2025,Cagliari,93.63,20,72.04524469067404,20,0,FALSE
Serie A,2024-2025,Parma,175.11,14,134.74145891043398,14,0,FALSE
Serie A,2024-2025,Lecce,113.43,15,87.28070175438596,15,0,FALSE
Serie A,2024-2025,Empoli,106.58,17,82.00984918436441,17,0,FALSE
Serie A,2024-2025,Venezia,95.6,19,73.56109572176054,19,0,FALSE
Serie A,2024-2025,Monza,95.83,18,73.7380732533087,18,0,FALSE
